{
    "rmse": 1152.9272666771358,
    "mae": 861.1538233616853,
    "r2": 0.5109433696220849
}