{
    "rmse": 1148.6500173131676,
    "mae": 859.3830370135657,
    "r2": 0.5145653447479279
}