{
    "rmse": 1156.54428789026,
    "mae": 863.6015449003098,
    "r2": 0.5078699702103044
}