{
    "rmse": 627.2163250804739,
    "mae": 505.6893153987829,
    "r2": 0.5219431074647354
}