{
    "rmse": 1150.3001123581894,
    "mae": 860.2175571386055,
    "r2": 0.5131696390834999
}