{
    "rmse": 1151.722018634952,
    "mae": 860.3484042149712,
    "r2": 0.5119653360054381
}